<font>
  <info face="font" size="72" bold="0" italic="0" charset="" unicode="" stretchH="100" smooth="1" aa="1" padding="2,2,2,2" spacing="0,0" outline="0"/>
  <common lineHeight="63" base="59" scaleW="304" scaleH="512" pages="1" packed="0"/>
  <pages>
    <page id="0" file="font.png"/>
  </pages>
  <chars count="90">
    <char id="97" x="2" y="2" width="25" height="43" xoffset="0" yoffset="18" xadvance="27" page="0" chnl="15"/>
    <char id="98" x="2" y="47" width="25" height="57" xoffset="0" yoffset="5" xadvance="27" page="0" chnl="15"/>
    <char id="99" x="2" y="106" width="25" height="43" xoffset="0" yoffset="18" xadvance="27" page="0" chnl="15"/>
    <char id="100" x="2" y="151" width="25" height="57" xoffset="0" yoffset="5" xadvance="27" page="0" chnl="15"/>
    <char id="101" x="2" y="210" width="25" height="43" xoffset="0" yoffset="18" xadvance="27" page="0" chnl="15"/>
    <char id="102" x="2" y="255" width="25" height="57" xoffset="0" yoffset="5" xadvance="27" page="0" chnl="15"/>
    <char id="103" x="2" y="314" width="25" height="52" xoffset="0" yoffset="18" xadvance="27" page="0" chnl="15"/>
    <char id="104" x="2" y="368" width="25" height="57" xoffset="0" yoffset="5" xadvance="27" page="0" chnl="15"/>
    <char id="105" x="2" y="427" width="12" height="57" xoffset="0" yoffset="5" xadvance="14" page="0" chnl="15"/>
    <char id="106" x="16" y="427" width="21" height="66" xoffset="0" yoffset="5" xadvance="23" page="0" chnl="15"/>
    <char id="107" x="29" y="2" width="25" height="57" xoffset="0" yoffset="5" xadvance="27" page="0" chnl="15"/>
    <char id="108" x="29" y="61" width="12" height="57" xoffset="0" yoffset="5" xadvance="14" page="0" chnl="15"/>
    <char id="109" x="29" y="120" width="30" height="43" xoffset="0" yoffset="18" xadvance="32" page="0" chnl="15"/>
    <char id="110" x="43" y="61" width="25" height="43" xoffset="0" yoffset="18" xadvance="27" page="0" chnl="15"/>
    <char id="111" x="56" y="2" width="25" height="43" xoffset="0" yoffset="18" xadvance="27" page="0" chnl="15"/>
    <char id="112" x="29" y="165" width="25" height="52" xoffset="0" yoffset="18" xadvance="27" page="0" chnl="15"/>
    <char id="113" x="29" y="219" width="25" height="52" xoffset="0" yoffset="18" xadvance="27" page="0" chnl="15"/>
    <char id="114" x="29" y="273" width="21" height="43" xoffset="0" yoffset="18" xadvance="23" page="0" chnl="15"/>
    <char id="115" x="29" y="318" width="25" height="43" xoffset="0" yoffset="18" xadvance="27" page="0" chnl="15"/>
    <char id="116" x="29" y="363" width="25" height="57" xoffset="0" yoffset="5" xadvance="27" page="0" chnl="15"/>
    <char id="117" x="52" y="273" width="25" height="43" xoffset="0" yoffset="18" xadvance="27" page="0" chnl="15"/>
    <char id="118" x="39" y="422" width="30" height="43" xoffset="0" yoffset="18" xadvance="32" page="0" chnl="15"/>
    <char id="119" x="39" y="467" width="30" height="43" xoffset="0" yoffset="18" xadvance="32" page="0" chnl="15"/>
    <char id="120" x="56" y="318" width="30" height="43" xoffset="0" yoffset="18" xadvance="32" page="0" chnl="15"/>
    <char id="121" x="56" y="363" width="30" height="52" xoffset="0" yoffset="18" xadvance="32" page="0" chnl="15"/>
    <char id="122" x="71" y="417" width="25" height="43" xoffset="0" yoffset="18" xadvance="27" page="0" chnl="15"/>
    <char id="65" x="56" y="165" width="25" height="57" xoffset="0" yoffset="5" xadvance="27" page="0" chnl="15"/>
    <char id="66" x="61" y="106" width="25" height="57" xoffset="0" yoffset="5" xadvance="27" page="0" chnl="15"/>
    <char id="67" x="70" y="47" width="25" height="57" xoffset="0" yoffset="5" xadvance="27" page="0" chnl="15"/>
    <char id="68" x="79" y="224" width="25" height="57" xoffset="0" yoffset="5" xadvance="27" page="0" chnl="15"/>
    <char id="69" x="83" y="165" width="25" height="57" xoffset="0" yoffset="5" xadvance="27" page="0" chnl="15"/>
    <char id="70" x="88" y="106" width="25" height="57" xoffset="0" yoffset="5" xadvance="27" page="0" chnl="15"/>
    <char id="71" x="97" y="2" width="25" height="57" xoffset="0" yoffset="5" xadvance="27" page="0" chnl="15"/>
    <char id="72" x="88" y="283" width="25" height="57" xoffset="0" yoffset="5" xadvance="27" page="0" chnl="15"/>
    <char id="73" x="106" y="224" width="12" height="57" xoffset="0" yoffset="5" xadvance="14" page="0" chnl="15"/>
    <char id="74" x="110" y="165" width="25" height="57" xoffset="0" yoffset="5" xadvance="27" page="0" chnl="15"/>
    <char id="75" x="88" y="342" width="25" height="57" xoffset="0" yoffset="5" xadvance="27" page="0" chnl="15"/>
    <char id="76" x="115" y="61" width="25" height="57" xoffset="0" yoffset="5" xadvance="27" page="0" chnl="15"/>
    <char id="77" x="124" y="2" width="30" height="57" xoffset="0" yoffset="5" xadvance="32" page="0" chnl="15"/>
    <char id="78" x="98" y="401" width="25" height="57" xoffset="0" yoffset="5" xadvance="27" page="0" chnl="15"/>
    <char id="79" x="115" y="283" width="25" height="57" xoffset="0" yoffset="5" xadvance="27" page="0" chnl="15"/>
    <char id="80" x="120" y="224" width="25" height="57" xoffset="0" yoffset="5" xadvance="27" page="0" chnl="15"/>
    <char id="81" x="115" y="342" width="30" height="57" xoffset="0" yoffset="5" xadvance="32" page="0" chnl="15"/>
    <char id="82" x="142" y="283" width="25" height="57" xoffset="0" yoffset="5" xadvance="27" page="0" chnl="15"/>
    <char id="83" x="137" y="120" width="25" height="57" xoffset="0" yoffset="5" xadvance="27" page="0" chnl="15"/>
    <char id="84" x="142" y="61" width="30" height="57" xoffset="0" yoffset="5" xadvance="32" page="0" chnl="15"/>
    <char id="85" x="156" y="2" width="25" height="57" xoffset="0" yoffset="5" xadvance="27" page="0" chnl="15"/>
    <char id="86" x="147" y="179" width="30" height="57" xoffset="0" yoffset="5" xadvance="32" page="0" chnl="15"/>
    <char id="87" x="164" y="120" width="30" height="57" xoffset="0" yoffset="5" xadvance="32" page="0" chnl="15"/>
    <char id="88" x="174" y="61" width="30" height="57" xoffset="0" yoffset="5" xadvance="32" page="0" chnl="15"/>
    <char id="89" x="183" y="2" width="30" height="57" xoffset="0" yoffset="5" xadvance="32" page="0" chnl="15"/>
    <char id="90" x="125" y="401" width="25" height="57" xoffset="0" yoffset="5" xadvance="27" page="0" chnl="15"/>
    <char id="33" x="147" y="342" width="12" height="57" xoffset="0" yoffset="5" xadvance="14" page="0" chnl="15"/>
    <char id="8470" x="152" y="401" width="43" height="52" xoffset="9" yoffset="14" xadvance="18" page="0" chnl="15"/>
    <char id="59" x="152" y="455" width="16" height="52" xoffset="5" yoffset="18" xadvance="23" page="0" chnl="15"/>
    <char id="37" x="71" y="509" width="0" height="0" xoffset="0" yoffset="59" xadvance="22" page="0" chnl="15"/>
    <char id="58" x="97" y="61" width="16" height="43" xoffset="5" yoffset="18" xadvance="23" page="0" chnl="15"/>
    <char id="63" x="161" y="342" width="30" height="57" xoffset="0" yoffset="5" xadvance="32" page="0" chnl="15"/>
    <char id="42" x="169" y="238" width="70" height="61" xoffset="0" yoffset="0" xadvance="67" page="0" chnl="15"/>
    <char id="40" x="193" y="301" width="25" height="66" xoffset="0" yoffset="0" xadvance="27" page="0" chnl="15"/>
    <char id="41" x="196" y="120" width="25" height="66" xoffset="0" yoffset="0" xadvance="27" page="0" chnl="15"/>
    <char id="95" x="73" y="509" width="0" height="0" xoffset="0" yoffset="59" xadvance="17" page="0" chnl="15"/>
    <char id="43" x="75" y="509" width="0" height="0" xoffset="0" yoffset="59" xadvance="22" page="0" chnl="15"/>
    <char id="45" x="2" y="495" width="25" height="12" xoffset="0" yoffset="32" xadvance="27" page="0" chnl="15"/>
    <char id="61" x="193" y="369" width="25" height="25" xoffset="0" yoffset="23" xadvance="27" page="0" chnl="15"/>
    <char id="46" x="115" y="120" width="16" height="16" xoffset="0" yoffset="45" xadvance="18" page="0" chnl="15"/>
    <char id="44" x="115" y="138" width="16" height="25" xoffset="0" yoffset="45" xadvance="18" page="0" chnl="15"/>
    <char id="47" x="2" y="509" width="0" height="0" xoffset="0" yoffset="59" xadvance="13" page="0" chnl="15"/>
    <char id="124" x="179" y="179" width="12" height="57" xoffset="0" yoffset="5" xadvance="14" page="0" chnl="15"/>
    <char id="34" x="56" y="224" width="21" height="16" xoffset="0" yoffset="0" xadvance="23" page="0" chnl="15"/>
    <char id="39" x="56" y="242" width="16" height="25" xoffset="0" yoffset="0" xadvance="18" page="0" chnl="15"/>
    <char id="64" x="197" y="396" width="70" height="61" xoffset="0" yoffset="0" xadvance="67" page="0" chnl="15"/>
    <char id="35" x="206" y="61" width="61" height="52" xoffset="5" yoffset="5" xadvance="67" page="0" chnl="15"/>
    <char id="36" x="4" y="509" width="0" height="0" xoffset="0" yoffset="59" xadvance="22" page="0" chnl="15"/>
    <char id="94" x="170" y="455" width="25" height="52" xoffset="0" yoffset="14" xadvance="27" page="0" chnl="15"/>
    <char id="38" x="6" y="509" width="0" height="0" xoffset="0" yoffset="59" xadvance="17" page="0" chnl="15"/>
    <char id="123" x="8" y="509" width="0" height="0" xoffset="0" yoffset="59" xadvance="15" page="0" chnl="15"/>
    <char id="125" x="10" y="509" width="0" height="0" xoffset="0" yoffset="59" xadvance="13" page="0" chnl="15"/>
    <char id="91" x="220" y="301" width="25" height="66" xoffset="0" yoffset="0" xadvance="27" page="0" chnl="15"/>
    <char id="93" x="223" y="115" width="25" height="66" xoffset="0" yoffset="0" xadvance="27" page="0" chnl="15"/>
    <char id="48" x="215" y="2" width="25" height="57" xoffset="0" yoffset="5" xadvance="27" page="0" chnl="15"/>
    <char id="49" x="242" y="2" width="16" height="57" xoffset="5" yoffset="5" xadvance="27" page="0" chnl="15"/>
    <char id="50" x="260" y="2" width="25" height="57" xoffset="0" yoffset="5" xadvance="27" page="0" chnl="15"/>
    <char id="51" x="241" y="183" width="25" height="57" xoffset="0" yoffset="5" xadvance="27" page="0" chnl="15"/>
    <char id="52" x="241" y="242" width="25" height="57" xoffset="0" yoffset="5" xadvance="27" page="0" chnl="15"/>
    <char id="53" x="250" y="115" width="25" height="57" xoffset="0" yoffset="5" xadvance="27" page="0" chnl="15"/>
    <char id="54" x="247" y="301" width="25" height="57" xoffset="0" yoffset="5" xadvance="27" page="0" chnl="15"/>
    <char id="55" x="268" y="174" width="25" height="57" xoffset="0" yoffset="5" xadvance="27" page="0" chnl="15"/>
    <char id="56" x="268" y="233" width="25" height="57" xoffset="0" yoffset="5" xadvance="27" page="0" chnl="15"/>
    <char id="57" x="277" y="61" width="25" height="57" xoffset="0" yoffset="5" xadvance="27" page="0" chnl="15"/>
    <char id="32" x="0" y="0" width="0" height="0" xoffset="0" yoffset="5" xadvance="18" page="0" chnl="15"/>
  </chars>
</font>