<font>
  <info face="font" size="72" bold="0" italic="0" charset="" unicode="" stretchH="100" smooth="1" aa="1" padding="2,2,2,2" spacing="0,0" outline="0"/>
  <common lineHeight="63" base="59" scaleW="210" scaleH="510" pages="1" packed="0"/>
  <pages>
    <page id="0" file="font.png"/>
  </pages>
  <chars count="90">
    <char id="97" x="2" y="2" width="20" height="38" xoffset="0" yoffset="18" xadvance="27" page="0" chnl="15"/>
    <char id="98" x="2" y="42" width="20" height="52" xoffset="0" yoffset="5" xadvance="27" page="0" chnl="15"/>
    <char id="99" x="2" y="96" width="20" height="38" xoffset="0" yoffset="18" xadvance="27" page="0" chnl="15"/>
    <char id="100" x="2" y="136" width="20" height="52" xoffset="0" yoffset="5" xadvance="27" page="0" chnl="15"/>
    <char id="101" x="2" y="190" width="20" height="38" xoffset="0" yoffset="18" xadvance="27" page="0" chnl="15"/>
    <char id="102" x="2" y="230" width="20" height="52" xoffset="0" yoffset="5" xadvance="27" page="0" chnl="15"/>
    <char id="103" x="2" y="284" width="20" height="47" xoffset="0" yoffset="18" xadvance="27" page="0" chnl="15"/>
    <char id="104" x="2" y="333" width="20" height="52" xoffset="0" yoffset="5" xadvance="27" page="0" chnl="15"/>
    <char id="105" x="2" y="387" width="7" height="52" xoffset="0" yoffset="5" xadvance="14" page="0" chnl="15"/>
    <char id="106" x="2" y="441" width="16" height="61" xoffset="0" yoffset="5" xadvance="23" page="0" chnl="15"/>
    <char id="107" x="11" y="387" width="20" height="52" xoffset="0" yoffset="5" xadvance="27" page="0" chnl="15"/>
    <char id="108" x="20" y="441" width="7" height="52" xoffset="0" yoffset="5" xadvance="14" page="0" chnl="15"/>
    <char id="109" x="29" y="441" width="25" height="38" xoffset="0" yoffset="18" xadvance="32" page="0" chnl="15"/>
    <char id="110" x="24" y="2" width="20" height="38" xoffset="0" yoffset="18" xadvance="27" page="0" chnl="15"/>
    <char id="111" x="24" y="42" width="20" height="38" xoffset="0" yoffset="18" xadvance="27" page="0" chnl="15"/>
    <char id="112" x="24" y="82" width="20" height="47" xoffset="0" yoffset="18" xadvance="27" page="0" chnl="15"/>
    <char id="113" x="24" y="131" width="20" height="47" xoffset="0" yoffset="18" xadvance="27" page="0" chnl="15"/>
    <char id="114" x="24" y="180" width="16" height="38" xoffset="0" yoffset="18" xadvance="23" page="0" chnl="15"/>
    <char id="115" x="24" y="220" width="20" height="38" xoffset="0" yoffset="18" xadvance="27" page="0" chnl="15"/>
    <char id="116" x="24" y="260" width="20" height="52" xoffset="0" yoffset="5" xadvance="27" page="0" chnl="15"/>
    <char id="117" x="42" y="180" width="20" height="38" xoffset="0" yoffset="18" xadvance="27" page="0" chnl="15"/>
    <char id="118" x="24" y="314" width="25" height="38" xoffset="0" yoffset="18" xadvance="32" page="0" chnl="15"/>
    <char id="119" x="33" y="354" width="25" height="38" xoffset="0" yoffset="18" xadvance="32" page="0" chnl="15"/>
    <char id="120" x="33" y="394" width="25" height="38" xoffset="0" yoffset="18" xadvance="32" page="0" chnl="15"/>
    <char id="121" x="56" y="434" width="25" height="47" xoffset="0" yoffset="18" xadvance="32" page="0" chnl="15"/>
    <char id="122" x="46" y="220" width="20" height="38" xoffset="0" yoffset="18" xadvance="27" page="0" chnl="15"/>
    <char id="65" x="46" y="260" width="20" height="52" xoffset="0" yoffset="5" xadvance="27" page="0" chnl="15"/>
    <char id="66" x="60" y="314" width="20" height="52" xoffset="0" yoffset="5" xadvance="27" page="0" chnl="15"/>
    <char id="67" x="60" y="368" width="20" height="52" xoffset="0" yoffset="5" xadvance="27" page="0" chnl="15"/>
    <char id="68" x="46" y="2" width="20" height="52" xoffset="0" yoffset="5" xadvance="27" page="0" chnl="15"/>
    <char id="69" x="46" y="56" width="20" height="52" xoffset="0" yoffset="5" xadvance="27" page="0" chnl="15"/>
    <char id="70" x="46" y="110" width="20" height="52" xoffset="0" yoffset="5" xadvance="27" page="0" chnl="15"/>
    <char id="71" x="64" y="164" width="20" height="52" xoffset="0" yoffset="5" xadvance="27" page="0" chnl="15"/>
    <char id="72" x="68" y="218" width="20" height="52" xoffset="0" yoffset="5" xadvance="27" page="0" chnl="15"/>
    <char id="73" x="82" y="272" width="7" height="52" xoffset="0" yoffset="5" xadvance="14" page="0" chnl="15"/>
    <char id="74" x="82" y="326" width="20" height="52" xoffset="0" yoffset="5" xadvance="27" page="0" chnl="15"/>
    <char id="75" x="82" y="380" width="20" height="52" xoffset="0" yoffset="5" xadvance="27" page="0" chnl="15"/>
    <char id="76" x="83" y="434" width="20" height="52" xoffset="0" yoffset="5" xadvance="27" page="0" chnl="15"/>
    <char id="77" x="68" y="2" width="25" height="52" xoffset="0" yoffset="5" xadvance="32" page="0" chnl="15"/>
    <char id="78" x="68" y="56" width="20" height="52" xoffset="0" yoffset="5" xadvance="27" page="0" chnl="15"/>
    <char id="79" x="68" y="110" width="20" height="52" xoffset="0" yoffset="5" xadvance="27" page="0" chnl="15"/>
    <char id="80" x="86" y="164" width="20" height="52" xoffset="0" yoffset="5" xadvance="27" page="0" chnl="15"/>
    <char id="81" x="90" y="218" width="25" height="52" xoffset="0" yoffset="5" xadvance="32" page="0" chnl="15"/>
    <char id="82" x="91" y="272" width="20" height="52" xoffset="0" yoffset="5" xadvance="27" page="0" chnl="15"/>
    <char id="83" x="104" y="326" width="20" height="52" xoffset="0" yoffset="5" xadvance="27" page="0" chnl="15"/>
    <char id="84" x="113" y="272" width="25" height="52" xoffset="0" yoffset="5" xadvance="32" page="0" chnl="15"/>
    <char id="85" x="104" y="380" width="20" height="52" xoffset="0" yoffset="5" xadvance="27" page="0" chnl="15"/>
    <char id="86" x="105" y="434" width="25" height="52" xoffset="0" yoffset="5" xadvance="32" page="0" chnl="15"/>
    <char id="87" x="126" y="326" width="25" height="52" xoffset="0" yoffset="5" xadvance="32" page="0" chnl="15"/>
    <char id="88" x="126" y="380" width="25" height="52" xoffset="0" yoffset="5" xadvance="32" page="0" chnl="15"/>
    <char id="89" x="132" y="434" width="25" height="52" xoffset="0" yoffset="5" xadvance="32" page="0" chnl="15"/>
    <char id="90" x="90" y="56" width="20" height="52" xoffset="0" yoffset="5" xadvance="27" page="0" chnl="15"/>
    <char id="33" x="95" y="2" width="7" height="52" xoffset="0" yoffset="5" xadvance="14" page="0" chnl="15"/>
    <char id="8470" x="104" y="2" width="38" height="47" xoffset="9" yoffset="14" xadvance="18" page="0" chnl="15"/>
    <char id="59" x="90" y="110" width="11" height="47" xoffset="5" yoffset="18" xadvance="23" page="0" chnl="15"/>
    <char id="37" x="64" y="218" width="0" height="0" xoffset="0" yoffset="59" xadvance="22" page="0" chnl="15"/>
    <char id="58" x="68" y="272" width="11" height="38" xoffset="5" yoffset="18" xadvance="23" page="0" chnl="15"/>
    <char id="63" x="103" y="110" width="25" height="52" xoffset="0" yoffset="5" xadvance="32" page="0" chnl="15"/>
    <char id="42" x="112" y="51" width="65" height="56" xoffset="0" yoffset="0" xadvance="67" page="0" chnl="15"/>
    <char id="40" x="117" y="164" width="20" height="61" xoffset="0" yoffset="0" xadvance="27" page="0" chnl="15"/>
    <char id="41" x="139" y="109" width="20" height="61" xoffset="0" yoffset="0" xadvance="27" page="0" chnl="15"/>
    <char id="95" x="66" y="218" width="0" height="0" xoffset="0" yoffset="59" xadvance="17" page="0" chnl="15"/>
    <char id="43" x="68" y="312" width="0" height="0" xoffset="0" yoffset="59" xadvance="22" page="0" chnl="15"/>
    <char id="45" x="60" y="422" width="20" height="7" xoffset="0" yoffset="32" xadvance="27" page="0" chnl="15"/>
    <char id="61" x="29" y="488" width="20" height="20" xoffset="0" yoffset="23" xadvance="27" page="0" chnl="15"/>
    <char id="46" x="46" y="164" width="11" height="11" xoffset="0" yoffset="45" xadvance="18" page="0" chnl="15"/>
    <char id="44" x="51" y="488" width="11" height="20" xoffset="0" yoffset="45" xadvance="18" page="0" chnl="15"/>
    <char id="47" x="70" y="312" width="0" height="0" xoffset="0" yoffset="59" xadvance="13" page="0" chnl="15"/>
    <char id="124" x="108" y="164" width="7" height="52" xoffset="0" yoffset="5" xadvance="14" page="0" chnl="15"/>
    <char id="34" x="64" y="483" width="16" height="11" xoffset="0" yoffset="0" xadvance="23" page="0" chnl="15"/>
    <char id="39" x="82" y="488" width="11" height="20" xoffset="0" yoffset="0" xadvance="18" page="0" chnl="15"/>
    <char id="64" x="139" y="172" width="65" height="56" xoffset="0" yoffset="0" xadvance="67" page="0" chnl="15"/>
    <char id="35" x="144" y="2" width="56" height="47" xoffset="5" yoffset="5" xadvance="67" page="0" chnl="15"/>
    <char id="36" x="72" y="312" width="0" height="0" xoffset="0" yoffset="59" xadvance="22" page="0" chnl="15"/>
    <char id="94" x="161" y="109" width="20" height="47" xoffset="0" yoffset="14" xadvance="27" page="0" chnl="15"/>
    <char id="38" x="74" y="312" width="0" height="0" xoffset="0" yoffset="59" xadvance="17" page="0" chnl="15"/>
    <char id="123" x="76" y="312" width="0" height="0" xoffset="0" yoffset="59" xadvance="15" page="0" chnl="15"/>
    <char id="125" x="78" y="312" width="0" height="0" xoffset="0" yoffset="59" xadvance="13" page="0" chnl="15"/>
    <char id="91" x="140" y="230" width="20" height="61" xoffset="0" yoffset="0" xadvance="27" page="0" chnl="15"/>
    <char id="93" x="183" y="51" width="20" height="61" xoffset="0" yoffset="0" xadvance="27" page="0" chnl="15"/>
    <char id="48" x="183" y="114" width="20" height="52" xoffset="0" yoffset="5" xadvance="27" page="0" chnl="15"/>
    <char id="49" x="153" y="293" width="11" height="52" xoffset="5" yoffset="5" xadvance="27" page="0" chnl="15"/>
    <char id="50" x="162" y="230" width="20" height="52" xoffset="0" yoffset="5" xadvance="27" page="0" chnl="15"/>
    <char id="51" x="153" y="347" width="20" height="52" xoffset="0" yoffset="5" xadvance="27" page="0" chnl="15"/>
    <char id="52" x="166" y="284" width="20" height="52" xoffset="0" yoffset="5" xadvance="27" page="0" chnl="15"/>
    <char id="53" x="184" y="230" width="20" height="52" xoffset="0" yoffset="5" xadvance="27" page="0" chnl="15"/>
    <char id="54" x="159" y="401" width="20" height="52" xoffset="0" yoffset="5" xadvance="27" page="0" chnl="15"/>
    <char id="55" x="159" y="455" width="20" height="52" xoffset="0" yoffset="5" xadvance="27" page="0" chnl="15"/>
    <char id="56" x="175" y="338" width="20" height="52" xoffset="0" yoffset="5" xadvance="27" page="0" chnl="15"/>
    <char id="57" x="188" y="284" width="20" height="52" xoffset="0" yoffset="5" xadvance="27" page="0" chnl="15"/>
    <char id="32" x="0" y="0" width="0" height="0" xoffset="0" yoffset="5" xadvance="18" page="0" chnl="15"/>
  </chars>
</font>